ctID,supcatID,ctName,ctType,ctStatus
1,NULL,Meals,menu,active
2,NULL,Drinks,menu,active
3,NULL,Desserts,menu,active
4,1,Pasta,menu,active
5,1,"Ala Carte",menu,active
6,1,"Combo (w/ Rice, Buttered Veggie & Egg)",menu,active
7,1,"Tamtaman (Samplers)",menu,active
8,1,"Gagay-yem (Barkada Meals)",menu,active
9,2,Frappe,menu,active
10,2,Espresso,menu,active
11,2,"French-Pressed (Brewed)",menu,active
12,2,"Hot and Cold Drinks",menu,active
13,NULL,Sauce,inventory,active
14,NULL,Syrup,inventory,active
15,NULL,Powder,inventory,active
16,NULL,Bean,inventory,active
17,NULL,Tea,inventory,active
18,NULL,Refreshment,inventory,active
19,18,Soda,inventory,active
20,18,Water,inventory,active
21,18,Juice,inventory,active
22,NULL,Meat,inventory,active
23,NULL,Pasta,inventory,active
24,NULL,Condiments,inventory,active
27,3,Cakes,menu,active
28,NULL,Cakes,inventory,active
29,NULL,Frappe,inventory,active
