mID,ctID,mName,mDesc,mAvailability,mImage
4,8,"Set A: Nachos (Gaygay-yem)",NULL,available,Nachos.jpg
5,8,"6pcs. Fried Chicken w/ Mojos",NULL,unavailable,
6,8,"3pcs. Fried Chicken & 3pcs. Buffalo Chicken w/ Mojos",NULL,available,NULL
9,6,"2pc. Fried Chicken",NULL,available,Chicken.jpg
10,6,"2pc. Buffalo Chicken",NULL,available,Buffalo.jpg
16,5,"Animal Fries","fries  that is fried to look like animal",available,Animal.jpg
26,4,"Carbonara Pasta",NULL,available,Carbonara.jpg
42,9,"Matcha Frappe",NULL,available,MatchaIced.jpg
44,10,Americano,NULL,available,Coffee.jpg
50,11,"Benguet Coffee",NULL,available,Black.jpg
57,12,"Coca Cola",NULL,unavailable,Coke.jpeg
75,27," Blueberry Cake",,available,Cake.jpg
76,27,"Chocolate Cake","w/ hazelnut",available,Cake2.jpg
77,12,"Fruity juice",NULL,available,Fruit.jpg
78,12,"Lemon juice",NULL,available,Lemon.jpg
79,10,Cappuccino,NULL,available,Cappuccino.jpg
80,12,"Hot Choco",NULL,available,Choco.jpg
81,9,"Strawberry Frappe","Non-coffee based",available,Strawberry.jpg
82,27,"Wicked Oreos",NULL,available,Oreos.jpg
83,27,Crepe,NULL,available,Crepe.jpg
84,27,"Turon ala Mode",NULL,available,Turon.jpg
85,10,"Long Black / Americano",NULL,available,Black.jpg
86,9,"Cafe Latte",NULL,available,Frappe.jpg
87,4,Pesto,NULL,available,Pesto.jpg
88,5,"French Fries",NULL,available,Fries.jpg
89,5,"Bacon Cheese Burger",NULL,available,Burger.jpg
90,4,"Italian ",NULL,available,Italian.jpg
91,5,"Fish Fillet ","w/ Mango Sauce",available,Fillet.jpg
92,5,"Chicken Quesadilla",NULL,available,Quesadilla.jpg
93,5,"Fresh Lumpia",NULL,available,Lumpia.jpg
94,5,"Fish and Chips",NULL,available,Chips.jpg
95,5,"Clubhouse Sandwich",NULL,available,Sandwich.png
96,5,"Waffles and Bacon",NULL,available,Waffle.jpg
97,5,"Chicken Sandwich",NULL,available,SandwichChick.jpg
98,6,"Baby back ribs",NULL,available,Ribs.jpg
99,7,"Set A: Fries",,available,Fries.jpg
100,7,"Set A: Nachos",,available,Nachos.jpg
101,7,"Set B: Quesadilla",,available,Quesadilla.jpg
102,7,"Set B: Fries",,available,Fries.jpg
103,7,"Set B: Nachos",,available,Nachos.jpg
104,7,"Set C: Wicked Oreos",NULL,available,Oreos.jpg
105,7,"Set C: Turon",NULL,available,Turon.jpg
106,8,"Set A: Clubhouse (Gaygay-yem)",NULL,available,Sandwich.png
107,8,"Set A: Fries (Gaygay-yem)",NULL,available,Fries.jpg
108,8,"Set B: 6 pcs Fried Chicken (Gaygay-yem)",NULL,available,Chicken.jpg
109,8,"Set C: 3 pcs Fried Chicken",NULL,available,Chicken.jpg
110,8,"Set C: 3pcs Buffalo Chicken with Mojos",NULL,available,Buffalo.jpg
