stID,ctID,uomID,stName,stQty,stMin,stSize,stLocation,stStatus,stBqty,stType
1,21,3,"Chocolate Sauce",20,5,1000mL,stockroom,available,20,liquid
2,21,3,"Caramel Sauce",20,5,1000mL,stockroom,available,20,liquid
3,14,3,"Hazelnut  Syrup 500 ml",20,5,"500 mL",stockroom,available,20,liquid
4,14,3,"Vanilla Syrup 500 ml",25,5,"500 mL",stockroom,unavailable,25,liquid
5,22,10,"Chicken Wings",15,10,"per piece",kitchen,available,15,solid
6,24,4,"Milk ",16,5,"per carton",stockroom,available,16,liquid
7,19,6,"Coca Cola Solo 250 mL",20,5,,stockroom,available,20,liquid
8,21,3,"Strawberry Milk Syrup",7,3,500mL,kitchen,available,7,liquid
10,19,8,"Matcha Powder",11,2,800mg,kitchen,unavailable,11,solid
13,21,8,"Tamarind Powder",13,3,15mg,stockroom,available,13,solid
14,17,7,"Honey-coated Lemon",10,5,60kg,stockroom,available,10,solid
15,21,3,"Strawberry Sauce",20,5,1000mL,stockroom,available,20,liquid
16,16,12,"Espresso Beans",10,3," ",stockroom,available,10,solid
17,16,12,Benguet,10,3," ",stockroom,available,10,solid
18,16,12,Kalinga,10,3," ",stockroom,available,10,solid
19,16,12,Sagada,10,3," ",stockroom,available,10,solid
20,16,12,"Cordillera City (Medium) Roast",10,3," ",stockroom,available,10,solid
21,16,12,"Cordillera Vienna (Dark) Roast",10,3," ",stockroom,available,10,solid
22,17,7,Chamomile,10,5,60kg,stockroom,available,10,solid
23,17,7,"Pakpakyaw (Butterfly) Pea",10,5,60kg,stockroom,available,10,solid
24,21,3,"Mango Canned Juice",10,5," ",stockroom,available,10,liquid
25,21,3,"Pineapple Canned Juice",10,5," ",stockroom,available,10,liquid
26,20,6,"Mineral Drinking Water",10,5," ",stockroom,available,10,liquid
27,28,3,Frappe,10,5," ",stockroom,available,10,liquid
28,29,9,Cakes,10,5," ",stockroom,available,10,solid
30,13,8,"Pesto Sauces",7,3," ",kitchen,available,7,liquid
31,13,8,"Carbonara Sauces",7,3," ",kitchen,available,7,liquid
32,13,8,"Italian Sauces",7,3," ",kitchen,available,7,liquid
33,22,10,"Baby Back",20,15," ",kitchen,available,15,liquid
34,22,10,Chicken,10,5," ",kitchen,available,10,solid
35,22,10,"Burger Patty",15,5," ",kitchen,available,10,solid
36,23,8,Pasta,10,3," ",kitchen,available,10,solid
